{
  "k": 4,
  "silhouette_score": 0.36088714077015055,
  "davies_bouldin_score": 0.9139626709511044,
  "n_customers": 5819
}